"2015-12-30 17:59:04","os","1.0.0","CIS_SUSE_Linux_Enterprise_Server_11_Benchmark_v1.0.0","SUSE Linux Enterprise Server 11 Benchmark","hw_suse_linux_10-11_benchmark","Level 2 - Enhanced Security","SUSE_Linux_Enterprise_level_2","rul_Install-Updates-Patches-and-Additional-Security-Software_1_1","Install Updates, Patches and Additional Security Software (Not Scored)","Manual",""
"2015-12-30 17:59:04","os","1.0.0","CIS_SUSE_Linux_Enterprise_Server_11_Benchmark_v1.0.0","SUSE Linux Enterprise Server 11 Benchmark","hw_suse_linux_10-11_benchmark","Level 2 - Enhanced Security","SUSE_Linux_Enterprise_level_2","rul_Create-Separate-Partition-for-tmp_2_1","Create Separate Partition for /tmp (Scored)","fail",""
"2015-12-30 17:59:04","os","1.0.0","CIS_SUSE_Linux_Enterprise_Server_11_Benchmark_v1.0.0","SUSE Linux Enterprise Server 11 Benchmark","hw_suse_linux_10-11_benchmark","Level 2 - Enhanced Security","SUSE_Linux_Enterprise_level_2","rul_Set-nodev-option-for-tmp-Partition_2_2","Set nodev option for /tmp Partition (Scored)","fail",""
"2015-12-30 17:59:04","os","1.0.0","CIS_SUSE_Linux_Enterprise_Server_11_Benchmark_v1.0.0","SUSE Linux Enterprise Server 11 Benchmark","hw_suse_linux_10-11_benchmark","Level 2 - Enhanced Security","SUSE_Linux_Enterprise_level_2","rul_Set-nosuid-option-for-tmp-Partition_2_3","Set nosuid option for /tmp Partition (Scored)","fail",""
"2015-12-30 17:59:04","os","1.0.0","CIS_SUSE_Linux_Enterprise_Server_11_Benchmark_v1.0.0","SUSE Linux Enterprise Server 11 Benchmark","hw_suse_linux_10-11_benchmark","Level 2 - Enhanced Security","SUSE_Linux_Enterprise_level_2","rul_Set-noexec-option-for-tmp-Partition_2_4","Set noexec option for /tmp Partition (Scored)","fail",""
"2015-12-30 17:59:04","os","1.0.0","CIS_SUSE_Linux_Enterprise_Server_11_Benchmark_v1.0.0","SUSE Linux Enterprise Server 11 Benchmark","hw_suse_linux_10-11_benchmark","Level 2 - Enhanced Security","SUSE_Linux_Enterprise_level_2","rul_Create-Separate-Partition-for-var_2_5","Create Separate Partition for /var (Scored)","pass",""
"2015-12-30 17:59:04","os","1.0.0","CIS_SUSE_Linux_Enterprise_Server_11_Benchmark_v1.0.0","SUSE Linux Enterprise Server 11 Benchmark","hw_suse_linux_10-11_benchmark","Level 2 - Enhanced Security","SUSE_Linux_Enterprise_level_2","rul_Bind-Mount-the-var-tmp-directory-to-tmp_2_6","Bind Mount the /var/tmp directory to /tmp (Scored)","fail",""
"2015-12-30 17:59:04","os","1.0.0","CIS_SUSE_Linux_Enterprise_Server_11_Benchmark_v1.0.0","SUSE Linux Enterprise Server 11 Benchmark","hw_suse_linux_10-11_benchmark","Level 2 - Enhanced Security","SUSE_Linux_Enterprise_level_2","rul_Create-Separate-Partition-for-var-log_2_7","Create Separate Partition for /var/log (Scored)","fail",""
"2015-12-30 17:59:04","os","1.0.0","CIS_SUSE_Linux_Enterprise_Server_11_Benchmark_v1.0.0","SUSE Linux Enterprise Server 11 Benchmark","hw_suse_linux_10-11_benchmark","Level 2 - Enhanced Security","SUSE_Linux_Enterprise_level_2","rul_Create-Separate-Partition-for-var-log-audit_2_8","Create Separate Partition for /var/log/audit (Scored)","fail",""
"2015-12-30 17:59:04","os","1.0.0","CIS_SUSE_Linux_Enterprise_Server_11_Benchmark_v1.0.0","SUSE Linux Enterprise Server 11 Benchmark","hw_suse_linux_10-11_benchmark","Level 2 - Enhanced Security","SUSE_Linux_Enterprise_level_2","rul_Create-Separate-Partition-for-home_2_9","Create Separate Partition for /home (Scored)","fail",""
"2015-12-30 17:59:04","os","1.0.0","CIS_SUSE_Linux_Enterprise_Server_11_Benchmark_v1.0.0","SUSE Linux Enterprise Server 11 Benchmark","hw_suse_linux_10-11_benchmark","Level 2 - Enhanced Security","SUSE_Linux_Enterprise_level_2","rul_Add-nodev-Option-to-home_2_10","Add nodev Option to /home (Scored)","fail",""
"2015-12-30 17:59:04","os","1.0.0","CIS_SUSE_Linux_Enterprise_Server_11_Benchmark_v1.0.0","SUSE Linux Enterprise Server 11 Benchmark","hw_suse_linux_10-11_benchmark","Level 2 - Enhanced Security","SUSE_Linux_Enterprise_level_2","rul_Add-nodev-Option-to-Removable-Media-Partitions_2_11","Add nodev Option to Removable Media Partitions (Not Scored)","pass",""
"2015-12-30 17:59:04","os","1.0.0","CIS_SUSE_Linux_Enterprise_Server_11_Benchmark_v1.0.0","SUSE Linux Enterprise Server 11 Benchmark","hw_suse_linux_10-11_benchmark","Level 2 - Enhanced Security","SUSE_Linux_Enterprise_level_2","rul_Add-noexec-Option-to-Removable-Media-Partitions_2_12","Add noexec Option to Removable Media Partitions (Not Scored)","pass",""
"2015-12-30 17:59:04","os","1.0.0","CIS_SUSE_Linux_Enterprise_Server_11_Benchmark_v1.0.0","SUSE Linux Enterprise Server 11 Benchmark","hw_suse_linux_10-11_benchmark","Level 2 - Enhanced Security","SUSE_Linux_Enterprise_level_2","rul_Add-nosuid-Option-to-Removable-Media-Partitions_2_13","Add nosuid Option to Removable Media Partitions (Not Scored)","pass",""
"2015-12-30 17:59:04","os","1.0.0","CIS_SUSE_Linux_Enterprise_Server_11_Benchmark_v1.0.0","SUSE Linux Enterprise Server 11 Benchmark","hw_suse_linux_10-11_benchmark","Level 2 - Enhanced Security","SUSE_Linux_Enterprise_level_2","rul_Add-nodev-Option-to-dev-shm-Partition_2_14","Add nodev Option to /dev/shm Partition (Scored)","fail",""
"2015-12-30 17:59:04","os","1.0.0","CIS_SUSE_Linux_Enterprise_Server_11_Benchmark_v1.0.0","SUSE Linux Enterprise Server 11 Benchmark","hw_suse_linux_10-11_benchmark","Level 2 - Enhanced Security","SUSE_Linux_Enterprise_level_2","rul_Add-nosuid-Option-to-dev-shm-Partition_2_15","Add nosuid Option to /dev/shm Partition (Scored)","fail",""
"2015-12-30 17:59:04","os","1.0.0","CIS_SUSE_Linux_Enterprise_Server_11_Benchmark_v1.0.0","SUSE Linux Enterprise Server 11 Benchmark","hw_suse_linux_10-11_benchmark","Level 2 - Enhanced Security","SUSE_Linux_Enterprise_level_2","rul_Add-noexec-Option-to-dev-shm-Partition_2_16","Add noexec Option to /dev/shm Partition (Scored)","fail",""
"2015-12-30 17:59:04","os","1.0.0","CIS_SUSE_Linux_Enterprise_Server_11_Benchmark_v1.0.0","SUSE Linux Enterprise Server 11 Benchmark","hw_suse_linux_10-11_benchmark","Level 2 - Enhanced Security","SUSE_Linux_Enterprise_level_2","rul_Set-Sticky-Bit-on-All-World-Writable-Directories_2_17","Set Sticky Bit on All World-Writable Directories (Scored)","pass",""
"2015-12-30 17:59:04","os","1.0.0","CIS_SUSE_Linux_Enterprise_Server_11_Benchmark_v1.0.0","SUSE Linux Enterprise Server 11 Benchmark","hw_suse_linux_10-11_benchmark","Level 2 - Enhanced Security","SUSE_Linux_Enterprise_level_2","rul_Disable-Mounting-of-cramfs-Filesystems_2_18","Disable Mounting of cramfs Filesystems (Not Scored)","pass",""
"2015-12-30 17:59:04","os","1.0.0","CIS_SUSE_Linux_Enterprise_Server_11_Benchmark_v1.0.0","SUSE Linux Enterprise Server 11 Benchmark","hw_suse_linux_10-11_benchmark","Level 2 - Enhanced Security","SUSE_Linux_Enterprise_level_2","rul_Disable-Mounting-of-freevxfs-Filesystems_2_19","Disable Mounting of freevxfs Filesystems (Not Scored)","pass",""
"2015-12-30 17:59:04","os","1.0.0","CIS_SUSE_Linux_Enterprise_Server_11_Benchmark_v1.0.0","SUSE Linux Enterprise Server 11 Benchmark","hw_suse_linux_10-11_benchmark","Level 2 - Enhanced Security","SUSE_Linux_Enterprise_level_2","rul_Disable-Mounting-of-jffs2-Filesystems_2_20","Disable Mounting of jffs2 Filesystems (Not Scored)","pass",""
"2015-12-30 17:59:04","os","1.0.0","CIS_SUSE_Linux_Enterprise_Server_11_Benchmark_v1.0.0","SUSE Linux Enterprise Server 11 Benchmark","hw_suse_linux_10-11_benchmark","Level 2 - Enhanced Security","SUSE_Linux_Enterprise_level_2","rul_Disable-Mounting-of-hfs-Filesystems_2_21","Disable Mounting of hfs Filesystems (Not Scored)","pass",""
"2015-12-30 17:59:04","os","1.0.0","CIS_SUSE_Linux_Enterprise_Server_11_Benchmark_v1.0.0","SUSE Linux Enterprise Server 11 Benchmark","hw_suse_linux_10-11_benchmark","Level 2 - Enhanced Security","SUSE_Linux_Enterprise_level_2","rul_Disable-Mounting-of-hfsplus-Filesystems_2_22","Disable Mounting of hfsplus Filesystems (Not Scored)","pass",""
"2015-12-30 17:59:04","os","1.0.0","CIS_SUSE_Linux_Enterprise_Server_11_Benchmark_v1.0.0","SUSE Linux Enterprise Server 11 Benchmark","hw_suse_linux_10-11_benchmark","Level 2 - Enhanced Security","SUSE_Linux_Enterprise_level_2","rul_Disable-Mounting-of-squashfs-Filesystems_2_23","Disable Mounting of squashfs Filesystems (Not Scored)","pass",""
"2015-12-30 17:59:04","os","1.0.0","CIS_SUSE_Linux_Enterprise_Server_11_Benchmark_v1.0.0","SUSE Linux Enterprise Server 11 Benchmark","hw_suse_linux_10-11_benchmark","Level 2 - Enhanced Security","SUSE_Linux_Enterprise_level_2","rul_Disable-Mounting-of-udf-Filesystems_2_24","Disable Mounting of udf Filesystems (Not Scored)","pass",""
"2015-12-30 17:59:04","os","1.0.0","CIS_SUSE_Linux_Enterprise_Server_11_Benchmark_v1.0.0","SUSE Linux Enterprise Server 11 Benchmark","hw_suse_linux_10-11_benchmark","Level 2 - Enhanced Security","SUSE_Linux_Enterprise_level_2","rul_Disable-Automounting_2_25","Disable Automounting (Scored)","pass",""
"2015-12-30 17:59:04","os","1.0.0","CIS_SUSE_Linux_Enterprise_Server_11_Benchmark_v1.0.0","SUSE Linux Enterprise Server 11 Benchmark","hw_suse_linux_10-11_benchmark","Level 2 - Enhanced Security","SUSE_Linux_Enterprise_level_2","rul_Set-User-Group-Owner-on-bootloader-config_3_1","Set User/Group Owner on bootloader config (Scored)","pass",""
"2015-12-30 17:59:04","os","1.0.0","CIS_SUSE_Linux_Enterprise_Server_11_Benchmark_v1.0.0","SUSE Linux Enterprise Server 11 Benchmark","hw_suse_linux_10-11_benchmark","Level 2 - Enhanced Security","SUSE_Linux_Enterprise_level_2","rul_Set-Permissions-on-bootloader-config_3_2","Set Permissions on bootloader config (Scored)","pass",""
"2015-12-30 17:59:04","os","1.0.0","CIS_SUSE_Linux_Enterprise_Server_11_Benchmark_v1.0.0","SUSE Linux Enterprise Server 11 Benchmark","hw_suse_linux_10-11_benchmark","Level 2 - Enhanced Security","SUSE_Linux_Enterprise_level_2","rul_Set-Boot-Loader-Password_3_3","Set Boot Loader Password (Scored)","pass",""
"2015-12-30 17:59:04","os","1.0.0","CIS_SUSE_Linux_Enterprise_Server_11_Benchmark_v1.0.0","SUSE Linux Enterprise Server 11 Benchmark","hw_suse_linux_10-11_benchmark","Level 2 - Enhanced Security","SUSE_Linux_Enterprise_level_2","rul_Require-Authentication-for-Single-User-Mode_3_4","Require Authentication for Single-User Mode (Scored)","pass",""
"2015-12-30 17:59:04","os","1.0.0","CIS_SUSE_Linux_Enterprise_Server_11_Benchmark_v1.0.0","SUSE Linux Enterprise Server 11 Benchmark","hw_suse_linux_10-11_benchmark","Level 2 - Enhanced Security","SUSE_Linux_Enterprise_level_2","rul_Disable-Interactive-Boot_3_5","Disable Interactive Boot (Scored)","pass",""
"2015-12-30 17:59:04","os","1.0.0","CIS_SUSE_Linux_Enterprise_Server_11_Benchmark_v1.0.0","SUSE Linux Enterprise Server 11 Benchmark","hw_suse_linux_10-11_benchmark","Level 2 - Enhanced Security","SUSE_Linux_Enterprise_level_2","rul_Restrict-Core-Dumps_4_1","Restrict Core Dumps (Scored)","pass",""
"2015-12-30 17:59:04","os","1.0.0","CIS_SUSE_Linux_Enterprise_Server_11_Benchmark_v1.0.0","SUSE Linux Enterprise Server 11 Benchmark","hw_suse_linux_10-11_benchmark","Level 2 - Enhanced Security","SUSE_Linux_Enterprise_level_2","rul_Enable-XD-NX-Support-on-32-bit-x86-Systems_4_2","Enable XD/NX Support on 32-bit x86 Systems (Not Scored)","pass",""
"2015-12-30 17:59:04","os","1.0.0","CIS_SUSE_Linux_Enterprise_Server_11_Benchmark_v1.0.0","SUSE Linux Enterprise Server 11 Benchmark","hw_suse_linux_10-11_benchmark","Level 2 - Enhanced Security","SUSE_Linux_Enterprise_level_2","rul_Enable-Randomized-Virtual-Memory-Region-Placement_4_3","Enable Randomized Virtual Memory Region Placement (Scored)","pass",""
"2015-12-30 17:59:04","os","1.0.0","CIS_SUSE_Linux_Enterprise_Server_11_Benchmark_v1.0.0","SUSE Linux Enterprise Server 11 Benchmark","hw_suse_linux_10-11_benchmark","Level 2 - Enhanced Security","SUSE_Linux_Enterprise_level_2","rul_Disable-Prelink_4_4","Disable Prelink (Scored)","pass",""
"2015-12-30 17:59:04","os","1.0.0","CIS_SUSE_Linux_Enterprise_Server_11_Benchmark_v1.0.0","SUSE Linux Enterprise Server 11 Benchmark","hw_suse_linux_10-11_benchmark","Level 2 - Enhanced Security","SUSE_Linux_Enterprise_level_2","rul_Activate-AppArmor_4_5","Activate AppArmor (Scored)","pass",""
"2015-12-30 17:59:04","os","1.0.0","CIS_SUSE_Linux_Enterprise_Server_11_Benchmark_v1.0.0","SUSE Linux Enterprise Server 11 Benchmark","hw_suse_linux_10-11_benchmark","Level 2 - Enhanced Security","SUSE_Linux_Enterprise_level_2","rul_Install-Updates-Patches-and-Additional-Security-Software_5_1_1","Ensure NIS Server is not enabled (Scored)","pass",""
"2015-12-30 17:59:04","os","1.0.0","CIS_SUSE_Linux_Enterprise_Server_11_Benchmark_v1.0.0","SUSE Linux Enterprise Server 11 Benchmark","hw_suse_linux_10-11_benchmark","Level 2 - Enhanced Security","SUSE_Linux_Enterprise_level_2","rul_Ensure-NIS-Client-is-not-installed_5_1_2","Ensure NIS Client is not installed (Scored)","pass",""
"2015-12-30 17:59:04","os","1.0.0","CIS_SUSE_Linux_Enterprise_Server_11_Benchmark_v1.0.0","SUSE Linux Enterprise Server 11 Benchmark","hw_suse_linux_10-11_benchmark","Level 2 - Enhanced Security","SUSE_Linux_Enterprise_level_2","rul_Ensure-rsh-server-is-not-enabled_5_1_3","Ensure rsh server is not enabled (Scored)","pass",""
"2015-12-30 17:59:04","os","1.0.0","CIS_SUSE_Linux_Enterprise_Server_11_Benchmark_v1.0.0","SUSE Linux Enterprise Server 11 Benchmark","hw_suse_linux_10-11_benchmark","Level 2 - Enhanced Security","SUSE_Linux_Enterprise_level_2","rul_Ensure-rsh-client-is-not-installed_5_1_4","Ensure rsh client is not installed (Scored)","pass",""
"2015-12-30 17:59:04","os","1.0.0","CIS_SUSE_Linux_Enterprise_Server_11_Benchmark_v1.0.0","SUSE Linux Enterprise Server 11 Benchmark","hw_suse_linux_10-11_benchmark","Level 2 - Enhanced Security","SUSE_Linux_Enterprise_level_2","rul_Ensure-talk-server-is-not-enabled_5_1_5","Ensure talk server is not enabled (Scored)","pass",""
"2015-12-30 17:59:04","os","1.0.0","CIS_SUSE_Linux_Enterprise_Server_11_Benchmark_v1.0.0","SUSE Linux Enterprise Server 11 Benchmark","hw_suse_linux_10-11_benchmark","Level 2 - Enhanced Security","SUSE_Linux_Enterprise_level_2","rul_Ensure-talk-client-is-not-installed_5_1_6","Ensure talk client is not installed (Scored)","pass",""
"2015-12-30 17:59:04","os","1.0.0","CIS_SUSE_Linux_Enterprise_Server_11_Benchmark_v1.0.0","SUSE Linux Enterprise Server 11 Benchmark","hw_suse_linux_10-11_benchmark","Level 2 - Enhanced Security","SUSE_Linux_Enterprise_level_2","rul_Ensure-telnet-server-is-not-enabled_5_1_7","Ensure telnet server is not enabled (Scored)","pass",""
"2015-12-30 17:59:04","os","1.0.0","CIS_SUSE_Linux_Enterprise_Server_11_Benchmark_v1.0.0","SUSE Linux Enterprise Server 11 Benchmark","hw_suse_linux_10-11_benchmark","Level 2 - Enhanced Security","SUSE_Linux_Enterprise_level_2","rul_Ensure-tftp-server-is-not-enabled_5_1_8","Ensure tftp-server is not enabled (Scored)","pass",""
"2015-12-30 17:59:04","os","1.0.0","CIS_SUSE_Linux_Enterprise_Server_11_Benchmark_v1.0.0","SUSE Linux Enterprise Server 11 Benchmark","hw_suse_linux_10-11_benchmark","Level 2 - Enhanced Security","SUSE_Linux_Enterprise_level_2","rul_Ensure-xinetd-is-not-enabled_5_1_9","Ensure xinetd is not enabled (Scored)","pass",""
"2015-12-30 17:59:04","os","1.0.0","CIS_SUSE_Linux_Enterprise_Server_11_Benchmark_v1.0.0","SUSE Linux Enterprise Server 11 Benchmark","hw_suse_linux_10-11_benchmark","Level 2 - Enhanced Security","SUSE_Linux_Enterprise_level_2","rul_Ensure-chargen-udp-is-not-enabled_5_2","Ensure chargen-udp is not enabled (Scored)","pass",""
"2015-12-30 17:59:04","os","1.0.0","CIS_SUSE_Linux_Enterprise_Server_11_Benchmark_v1.0.0","SUSE Linux Enterprise Server 11 Benchmark","hw_suse_linux_10-11_benchmark","Level 2 - Enhanced Security","SUSE_Linux_Enterprise_level_2","rul_Ensure-chargen-is-not-enabled_5_3","Ensure chargen is not enabled (Scored)","pass",""
"2015-12-30 17:59:04","os","1.0.0","CIS_SUSE_Linux_Enterprise_Server_11_Benchmark_v1.0.0","SUSE Linux Enterprise Server 11 Benchmark","hw_suse_linux_10-11_benchmark","Level 2 - Enhanced Security","SUSE_Linux_Enterprise_level_2","rul_Ensure-daytime-udp-is-not-enabled_5_4","Ensure daytime-udp is not enabled (Scored)","pass",""
"2015-12-30 17:59:04","os","1.0.0","CIS_SUSE_Linux_Enterprise_Server_11_Benchmark_v1.0.0","SUSE Linux Enterprise Server 11 Benchmark","hw_suse_linux_10-11_benchmark","Level 2 - Enhanced Security","SUSE_Linux_Enterprise_level_2","rul_Ensure-daytime-is-not-enabled_5_5","Ensure daytime is not enabled (Scored)","pass",""
"2015-12-30 17:59:04","os","1.0.0","CIS_SUSE_Linux_Enterprise_Server_11_Benchmark_v1.0.0","SUSE Linux Enterprise Server 11 Benchmark","hw_suse_linux_10-11_benchmark","Level 2 - Enhanced Security","SUSE_Linux_Enterprise_level_2","rul_Ensure-echo-udp-is-not-enabled_5_6","Ensure echo-udp is not enabled (Scored)","pass",""
"2015-12-30 17:59:04","os","1.0.0","CIS_SUSE_Linux_Enterprise_Server_11_Benchmark_v1.0.0","SUSE Linux Enterprise Server 11 Benchmark","hw_suse_linux_10-11_benchmark","Level 2 - Enhanced Security","SUSE_Linux_Enterprise_level_2","rul_Ensure-echo-is-not-enabled_5_7","Ensure echo is not enabled (Scored)","pass",""
"2015-12-30 17:59:04","os","1.0.0","CIS_SUSE_Linux_Enterprise_Server_11_Benchmark_v1.0.0","SUSE Linux Enterprise Server 11 Benchmark","hw_suse_linux_10-11_benchmark","Level 2 - Enhanced Security","SUSE_Linux_Enterprise_level_2","rul_Ensure-discard-udp-is-not-enabled_5_8","Ensure discard-udp is not enabled (Scored)","pass",""
"2015-12-30 17:59:04","os","1.0.0","CIS_SUSE_Linux_Enterprise_Server_11_Benchmark_v1.0.0","SUSE Linux Enterprise Server 11 Benchmark","hw_suse_linux_10-11_benchmark","Level 2 - Enhanced Security","SUSE_Linux_Enterprise_level_2","rul_Ensure-discard-is-not-enabled_5_9","Ensure discard is not enabled (Scored)","pass",""
"2015-12-30 17:59:04","os","1.0.0","CIS_SUSE_Linux_Enterprise_Server_11_Benchmark_v1.0.0","SUSE Linux Enterprise Server 11 Benchmark","hw_suse_linux_10-11_benchmark","Level 2 - Enhanced Security","SUSE_Linux_Enterprise_level_2","rul_Ensure-time-udp-is-not-enabled_5_10","Ensure time-udp is not enabled (Scored)","pass",""
"2015-12-30 17:59:04","os","1.0.0","CIS_SUSE_Linux_Enterprise_Server_11_Benchmark_v1.0.0","SUSE Linux Enterprise Server 11 Benchmark","hw_suse_linux_10-11_benchmark","Level 2 - Enhanced Security","SUSE_Linux_Enterprise_level_2","rul_Ensure-time-is-not-enabled_5_11","Ensure time is not enabled (Scored)","pass",""
"2015-12-30 17:59:04","os","1.0.0","CIS_SUSE_Linux_Enterprise_Server_11_Benchmark_v1.0.0","SUSE Linux Enterprise Server 11 Benchmark","hw_suse_linux_10-11_benchmark","Level 2 - Enhanced Security","SUSE_Linux_Enterprise_level_2","rul_Ensure-X-Windows-is-not-installed_6_1","Ensure X Windows is not installed (Scored)","pass",""
"2015-12-30 17:59:04","os","1.0.0","CIS_SUSE_Linux_Enterprise_Server_11_Benchmark_v1.0.0","SUSE Linux Enterprise Server 11 Benchmark","hw_suse_linux_10-11_benchmark","Level 2 - Enhanced Security","SUSE_Linux_Enterprise_level_2","rul_Ensure-Avahi-Server-is-not-enabled_6_2","Ensure Avahi Server is not enabled (Scored)","pass",""
"2015-12-30 17:59:04","os","1.0.0","CIS_SUSE_Linux_Enterprise_Server_11_Benchmark_v1.0.0","SUSE Linux Enterprise Server 11 Benchmark","hw_suse_linux_10-11_benchmark","Level 2 - Enhanced Security","SUSE_Linux_Enterprise_level_2","rul_Ensure-print-server-is-not-enabled_6_3","Ensure print server is not enabled (Not Scored)","pass",""
"2015-12-30 17:59:04","os","1.0.0","CIS_SUSE_Linux_Enterprise_Server_11_Benchmark_v1.0.0","SUSE Linux Enterprise Server 11 Benchmark","hw_suse_linux_10-11_benchmark","Level 2 - Enhanced Security","SUSE_Linux_Enterprise_level_2","rul_Ensure-DHCP-Server-is-not-enabled_6_4","Ensure DHCP Server is not enabled (Scored)","pass",""
"2015-12-30 17:59:04","os","1.0.0","CIS_SUSE_Linux_Enterprise_Server_11_Benchmark_v1.0.0","SUSE Linux Enterprise Server 11 Benchmark","hw_suse_linux_10-11_benchmark","Level 2 - Enhanced Security","SUSE_Linux_Enterprise_level_2","rul_Configure-Network-Time-Protocol-NTP_6_5","Configure Network Time Protocol (NTP) (Scored)","pass",""
"2015-12-30 17:59:04","os","1.0.0","CIS_SUSE_Linux_Enterprise_Server_11_Benchmark_v1.0.0","SUSE Linux Enterprise Server 11 Benchmark","hw_suse_linux_10-11_benchmark","Level 2 - Enhanced Security","SUSE_Linux_Enterprise_level_2","rul_Ensure-LDAP-is-not-enabled_6_6","Ensure LDAP is not enabled (Not Scored)","pass",""
"2015-12-30 17:59:04","os","1.0.0","CIS_SUSE_Linux_Enterprise_Server_11_Benchmark_v1.0.0","SUSE Linux Enterprise Server 11 Benchmark","hw_suse_linux_10-11_benchmark","Level 2 - Enhanced Security","SUSE_Linux_Enterprise_level_2","rul_Ensure-NFS-and-RPC-are-not-enabled_6_7","Ensure NFS and RPC are not enabled (Not Scored)","pass",""
"2015-12-30 17:59:04","os","1.0.0","CIS_SUSE_Linux_Enterprise_Server_11_Benchmark_v1.0.0","SUSE Linux Enterprise Server 11 Benchmark","hw_suse_linux_10-11_benchmark","Level 2 - Enhanced Security","SUSE_Linux_Enterprise_level_2","rul_Ensure-DNS-Server-is-not-enabled_6_8","Ensure DNS Server is not enabled (Not Scored)","pass",""
"2015-12-30 17:59:04","os","1.0.0","CIS_SUSE_Linux_Enterprise_Server_11_Benchmark_v1.0.0","SUSE Linux Enterprise Server 11 Benchmark","hw_suse_linux_10-11_benchmark","Level 2 - Enhanced Security","SUSE_Linux_Enterprise_level_2","rul_Ensure-FTP-Server-is-not-enabled_6_9","Ensure FTP Server is not enabled (Not Scored)","pass",""
"2015-12-30 17:59:04","os","1.0.0","CIS_SUSE_Linux_Enterprise_Server_11_Benchmark_v1.0.0","SUSE Linux Enterprise Server 11 Benchmark","hw_suse_linux_10-11_benchmark","Level 2 - Enhanced Security","SUSE_Linux_Enterprise_level_2","rul_Ensure-HTTP-Server-is-not-enabled_6_10","Ensure HTTP Server is not enabled (Not Scored)","pass",""
"2015-12-30 17:59:04","os","1.0.0","CIS_SUSE_Linux_Enterprise_Server_11_Benchmark_v1.0.0","SUSE Linux Enterprise Server 11 Benchmark","hw_suse_linux_10-11_benchmark","Level 2 - Enhanced Security","SUSE_Linux_Enterprise_level_2","rul_Ensure-IMAP-and-POP-server-is-not-enabled_6_11","Ensure IMAP and POP server is not enabled (Not Scored)","pass",""
"2015-12-30 17:59:04","os","1.0.0","CIS_SUSE_Linux_Enterprise_Server_11_Benchmark_v1.0.0","SUSE Linux Enterprise Server 11 Benchmark","hw_suse_linux_10-11_benchmark","Level 2 - Enhanced Security","SUSE_Linux_Enterprise_level_2","rul_Ensure-Samba-is-not-enabled_6_12","Ensure Samba is not enabled (Not Scored)","pass",""
"2015-12-30 17:59:04","os","1.0.0","CIS_SUSE_Linux_Enterprise_Server_11_Benchmark_v1.0.0","SUSE Linux Enterprise Server 11 Benchmark","hw_suse_linux_10-11_benchmark","Level 2 - Enhanced Security","SUSE_Linux_Enterprise_level_2","rul_Ensure-HTTP-Proxy-Server-is-not-enabled_6_13","Ensure HTTP Proxy Server is not enabled (Not Scored)","pass",""
"2015-12-30 17:59:04","os","1.0.0","CIS_SUSE_Linux_Enterprise_Server_11_Benchmark_v1.0.0","SUSE Linux Enterprise Server 11 Benchmark","hw_suse_linux_10-11_benchmark","Level 2 - Enhanced Security","SUSE_Linux_Enterprise_level_2","rul_Ensure-SNMP-Server-is-not-enabled_6_14","Ensure SNMP Server is not enabled (Not Scored)","pass",""
"2015-12-30 17:59:04","os","1.0.0","CIS_SUSE_Linux_Enterprise_Server_11_Benchmark_v1.0.0","SUSE Linux Enterprise Server 11 Benchmark","hw_suse_linux_10-11_benchmark","Level 2 - Enhanced Security","SUSE_Linux_Enterprise_level_2","rul_Configure-Mail-Transfer-Agent-for-Local-Only-Mode_6_15","Configure Mail Transfer Agent for Local-Only Mode (Scored)","pass",""
"2015-12-30 17:59:04","os","1.0.0","CIS_SUSE_Linux_Enterprise_Server_11_Benchmark_v1.0.0","SUSE Linux Enterprise Server 11 Benchmark","hw_suse_linux_10-11_benchmark","Level 2 - Enhanced Security","SUSE_Linux_Enterprise_level_2","rul_Ensure-rsync-service-is-not-enabled_6_16","Ensure rsync service is not enabled (Scored)","pass",""
"2015-12-30 17:59:04","os","1.0.0","CIS_SUSE_Linux_Enterprise_Server_11_Benchmark_v1.0.0","SUSE Linux Enterprise Server 11 Benchmark","hw_suse_linux_10-11_benchmark","Level 2 - Enhanced Security","SUSE_Linux_Enterprise_level_2","rul_Ensure-Biosdevname-is-not-enabled_6_17","Ensure Biosdevname is not enabled (Scored)","pass",""
"2015-12-30 17:59:04","os","1.0.0","CIS_SUSE_Linux_Enterprise_Server_11_Benchmark_v1.0.0","SUSE Linux Enterprise Server 11 Benchmark","hw_suse_linux_10-11_benchmark","Level 2 - Enhanced Security","SUSE_Linux_Enterprise_level_2","rul_Disable-IP-Forwarding_7_1_1","Disable IP Forwarding (Scored)","pass",""
"2015-12-30 17:59:04","os","1.0.0","CIS_SUSE_Linux_Enterprise_Server_11_Benchmark_v1.0.0","SUSE Linux Enterprise Server 11 Benchmark","hw_suse_linux_10-11_benchmark","Level 2 - Enhanced Security","SUSE_Linux_Enterprise_level_2","rul_Disable-Send-Packet-Redirects_7_1_2","Disable Send Packet Redirects (Scored)","pass",""
"2015-12-30 17:59:04","os","1.0.0","CIS_SUSE_Linux_Enterprise_Server_11_Benchmark_v1.0.0","SUSE Linux Enterprise Server 11 Benchmark","hw_suse_linux_10-11_benchmark","Level 2 - Enhanced Security","SUSE_Linux_Enterprise_level_2","rul_Disable-Source-Routed-Packet-Acceptance_7_2_1","Disable Source Routed Packet Acceptance (Scored)","pass",""
"2015-12-30 17:59:04","os","1.0.0","CIS_SUSE_Linux_Enterprise_Server_11_Benchmark_v1.0.0","SUSE Linux Enterprise Server 11 Benchmark","hw_suse_linux_10-11_benchmark","Level 2 - Enhanced Security","SUSE_Linux_Enterprise_level_2","rul_Disable-ICMP-Redirect-Acceptance_7_2_2","Disable ICMP Redirect Acceptance (Scored)","pass",""
"2015-12-30 17:59:04","os","1.0.0","CIS_SUSE_Linux_Enterprise_Server_11_Benchmark_v1.0.0","SUSE Linux Enterprise Server 11 Benchmark","hw_suse_linux_10-11_benchmark","Level 2 - Enhanced Security","SUSE_Linux_Enterprise_level_2","rul_Disable-Secure-ICMP-Redirect-Acceptance_7_2_3","Disable Secure ICMP Redirect Acceptance (Scored)","pass",""
"2015-12-30 17:59:04","os","1.0.0","CIS_SUSE_Linux_Enterprise_Server_11_Benchmark_v1.0.0","SUSE Linux Enterprise Server 11 Benchmark","hw_suse_linux_10-11_benchmark","Level 2 - Enhanced Security","SUSE_Linux_Enterprise_level_2","rul_Log-Suspicious-Packets_7_2_4","Log Suspicious Packets (Scored)","pass",""
"2015-12-30 17:59:04","os","1.0.0","CIS_SUSE_Linux_Enterprise_Server_11_Benchmark_v1.0.0","SUSE Linux Enterprise Server 11 Benchmark","hw_suse_linux_10-11_benchmark","Level 2 - Enhanced Security","SUSE_Linux_Enterprise_level_2","rul_Enable-Ignore-Broadcast-Requests_7_2_5","Enable Ignore Broadcast Requests (Scored)","pass",""
"2015-12-30 17:59:04","os","1.0.0","CIS_SUSE_Linux_Enterprise_Server_11_Benchmark_v1.0.0","SUSE Linux Enterprise Server 11 Benchmark","hw_suse_linux_10-11_benchmark","Level 2 - Enhanced Security","SUSE_Linux_Enterprise_level_2","rul_Enable-Bad-Error-Message-Protection_7_2_6","Enable Bad Error Message Protection (Scored)","pass",""
"2015-12-30 17:59:04","os","1.0.0","CIS_SUSE_Linux_Enterprise_Server_11_Benchmark_v1.0.0","SUSE Linux Enterprise Server 11 Benchmark","hw_suse_linux_10-11_benchmark","Level 2 - Enhanced Security","SUSE_Linux_Enterprise_level_2","rul_Enable-RFC-recommended-Source-Route-Validation_7_2_7","Enable RFC-recommended Source Route Validation (Scored)","pass",""
"2015-12-30 17:59:04","os","1.0.0","CIS_SUSE_Linux_Enterprise_Server_11_Benchmark_v1.0.0","SUSE Linux Enterprise Server 11 Benchmark","hw_suse_linux_10-11_benchmark","Level 2 - Enhanced Security","SUSE_Linux_Enterprise_level_2","rul_Enable-TCP-SYN-Cookies_7_2_8","Enable TCP SYN Cookies (Scored)","pass",""
"2015-12-30 17:59:04","os","1.0.0","CIS_SUSE_Linux_Enterprise_Server_11_Benchmark_v1.0.0","SUSE Linux Enterprise Server 11 Benchmark","hw_suse_linux_10-11_benchmark","Level 2 - Enhanced Security","SUSE_Linux_Enterprise_level_2","rul_Disable-IPv6-Router-Advertisements_7_3_1","Disable IPv6 Router Advertisements (Not Scored)","pass",""
"2015-12-30 17:59:04","os","1.0.0","CIS_SUSE_Linux_Enterprise_Server_11_Benchmark_v1.0.0","SUSE Linux Enterprise Server 11 Benchmark","hw_suse_linux_10-11_benchmark","Level 2 - Enhanced Security","SUSE_Linux_Enterprise_level_2","rul_Disable-IPv6-Redirect-Acceptance_7_3_2","Disable IPv6 Redirect Acceptance (Not Scored)","pass",""
"2015-12-30 17:59:04","os","1.0.0","CIS_SUSE_Linux_Enterprise_Server_11_Benchmark_v1.0.0","SUSE Linux Enterprise Server 11 Benchmark","hw_suse_linux_10-11_benchmark","Level 2 - Enhanced Security","SUSE_Linux_Enterprise_level_2","rul_Disable-IPv6_7_3_3","Disable IPv6 (Not Scored)","pass",""
"2015-12-30 17:59:04","os","1.0.0","CIS_SUSE_Linux_Enterprise_Server_11_Benchmark_v1.0.0","SUSE Linux Enterprise Server 11 Benchmark","hw_suse_linux_10-11_benchmark","Level 2 - Enhanced Security","SUSE_Linux_Enterprise_level_2","rul_Install-TCP-Wrappers_7_4_1","Install TCP Wrappers (Scored)","pass",""
"2015-12-30 17:59:04","os","1.0.0","CIS_SUSE_Linux_Enterprise_Server_11_Benchmark_v1.0.0","SUSE Linux Enterprise Server 11 Benchmark","hw_suse_linux_10-11_benchmark","Level 2 - Enhanced Security","SUSE_Linux_Enterprise_level_2","rul_Create-etc-hosts.allow_7_4_2","Create /etc/hosts.allow (Not Scored)","Manual",""
"2015-12-30 17:59:04","os","1.0.0","CIS_SUSE_Linux_Enterprise_Server_11_Benchmark_v1.0.0","SUSE Linux Enterprise Server 11 Benchmark","hw_suse_linux_10-11_benchmark","Level 2 - Enhanced Security","SUSE_Linux_Enterprise_level_2","rul_Verify-Permissions-on-etc-hosts.allow_7_4_3","Verify Permissions on /etc/hosts.allow (Scored)","pass",""
"2015-12-30 17:59:04","os","1.0.0","CIS_SUSE_Linux_Enterprise_Server_11_Benchmark_v1.0.0","SUSE Linux Enterprise Server 11 Benchmark","hw_suse_linux_10-11_benchmark","Level 2 - Enhanced Security","SUSE_Linux_Enterprise_level_2","rul_Create-etc-hosts.deny_7_4_4","Create /etc/hosts.deny (Not Scored)","pass",""
"2015-12-30 17:59:04","os","1.0.0","CIS_SUSE_Linux_Enterprise_Server_11_Benchmark_v1.0.0","SUSE Linux Enterprise Server 11 Benchmark","hw_suse_linux_10-11_benchmark","Level 2 - Enhanced Security","SUSE_Linux_Enterprise_level_2","rul_Verify-Permissions-on-etc-hosts.deny_7_4_5","Verify Permissions on /etc/hosts.deny (Scored)","pass",""
"2015-12-30 17:59:04","os","1.0.0","CIS_SUSE_Linux_Enterprise_Server_11_Benchmark_v1.0.0","SUSE Linux Enterprise Server 11 Benchmark","hw_suse_linux_10-11_benchmark","Level 2 - Enhanced Security","SUSE_Linux_Enterprise_level_2","rul_Disable-DCCP_7_5_1","Disable DCCP (Not Scored)","pass",""
"2015-12-30 17:59:04","os","1.0.0","CIS_SUSE_Linux_Enterprise_Server_11_Benchmark_v1.0.0","SUSE Linux Enterprise Server 11 Benchmark","hw_suse_linux_10-11_benchmark","Level 2 - Enhanced Security","SUSE_Linux_Enterprise_level_2","rul_Disable-SCTP_7_5_2","Disable SCTP (Not Scored)","pass",""
"2015-12-30 17:59:04","os","1.0.0","CIS_SUSE_Linux_Enterprise_Server_11_Benchmark_v1.0.0","SUSE Linux Enterprise Server 11 Benchmark","hw_suse_linux_10-11_benchmark","Level 2 - Enhanced Security","SUSE_Linux_Enterprise_level_2","rul_Disable-RDS_7_5_3","Disable RDS (Not Scored)","pass",""
"2015-12-30 17:59:04","os","1.0.0","CIS_SUSE_Linux_Enterprise_Server_11_Benchmark_v1.0.0","SUSE Linux Enterprise Server 11 Benchmark","hw_suse_linux_10-11_benchmark","Level 2 - Enhanced Security","SUSE_Linux_Enterprise_level_2","rul_Disable-TIPC_7_5_4","Disable TIPC (Not Scored)","pass",""
"2015-12-30 17:59:04","os","1.0.0","CIS_SUSE_Linux_Enterprise_Server_11_Benchmark_v1.0.0","SUSE Linux Enterprise Server 11 Benchmark","hw_suse_linux_10-11_benchmark","Level 2 - Enhanced Security","SUSE_Linux_Enterprise_level_2","rul_Deactivate-Wireless-Interfaces_7_6","Deactivate Wireless Interfaces (Not Scored)","Manual",""
"2015-12-30 17:59:04","os","1.0.0","CIS_SUSE_Linux_Enterprise_Server_11_Benchmark_v1.0.0","SUSE Linux Enterprise Server 11 Benchmark","hw_suse_linux_10-11_benchmark","Level 2 - Enhanced Security","SUSE_Linux_Enterprise_level_2","rul_SuSEfirewall2-is-active_7_7","SuSEfirewall2 is active (Scored)","pass",""
"2015-12-30 17:59:04","os","1.0.0","CIS_SUSE_Linux_Enterprise_Server_11_Benchmark_v1.0.0","SUSE Linux Enterprise Server 11 Benchmark","hw_suse_linux_10-11_benchmark","Level 2 - Enhanced Security","SUSE_Linux_Enterprise_level_2","rul_Limit-access-to-trusted-networks_7_8","Limit access to trusted networks (Not Scored)","pass",""
"2015-12-30 17:59:04","os","1.0.0","CIS_SUSE_Linux_Enterprise_Server_11_Benchmark_v1.0.0","SUSE Linux Enterprise Server 11 Benchmark","hw_suse_linux_10-11_benchmark","Level 2 - Enhanced Security","SUSE_Linux_Enterprise_level_2","rul_Configure-Audit-Log-Storage-Size_8_1_1_1","Configure Audit Log Storage Size (Not Scored)","pass",""
"2015-12-30 17:59:04","os","1.0.0","CIS_SUSE_Linux_Enterprise_Server_11_Benchmark_v1.0.0","SUSE Linux Enterprise Server 11 Benchmark","hw_suse_linux_10-11_benchmark","Level 2 - Enhanced Security","SUSE_Linux_Enterprise_level_2","rul_Disable-System-on-Audit-Log-Full_8_1_1_2","Disable System on Audit Log Full (Not Scored)","pass",""
"2015-12-30 17:59:04","os","1.0.0","CIS_SUSE_Linux_Enterprise_Server_11_Benchmark_v1.0.0","SUSE Linux Enterprise Server 11 Benchmark","hw_suse_linux_10-11_benchmark","Level 2 - Enhanced Security","SUSE_Linux_Enterprise_level_2","rul_Keep-All-Auditing-Information_8_1_1_3","Keep All Auditing Information (Scored)","pass",""
"2015-12-30 17:59:04","os","1.0.0","CIS_SUSE_Linux_Enterprise_Server_11_Benchmark_v1.0.0","SUSE Linux Enterprise Server 11 Benchmark","hw_suse_linux_10-11_benchmark","Level 2 - Enhanced Security","SUSE_Linux_Enterprise_level_2","rul_Enable-auditd-Service_8_1_2","Enable auditd Service (Scored)","pass",""
"2015-12-30 17:59:04","os","1.0.0","CIS_SUSE_Linux_Enterprise_Server_11_Benchmark_v1.0.0","SUSE Linux Enterprise Server 11 Benchmark","hw_suse_linux_10-11_benchmark","Level 2 - Enhanced Security","SUSE_Linux_Enterprise_level_2","rul_Enable-Auditing-for-Processes-That-Start-Prior-to-auditd_8_1_3","Enable Auditing for Processes That Start Prior to auditd (Scored)","pass",""
"2015-12-30 17:59:04","os","1.0.0","CIS_SUSE_Linux_Enterprise_Server_11_Benchmark_v1.0.0","SUSE Linux Enterprise Server 11 Benchmark","hw_suse_linux_10-11_benchmark","Level 2 - Enhanced Security","SUSE_Linux_Enterprise_level_2","rul_Record-Events-That-Modify-Date-and-Time-Information_8_1_4","Record Events That Modify Date and Time Information (Scored)","pass",""
"2015-12-30 17:59:04","os","1.0.0","CIS_SUSE_Linux_Enterprise_Server_11_Benchmark_v1.0.0","SUSE Linux Enterprise Server 11 Benchmark","hw_suse_linux_10-11_benchmark","Level 2 - Enhanced Security","SUSE_Linux_Enterprise_level_2","rul_Record-Events-That-Modify-User-Group-Information_8_1_5","Record Events That Modify User/Group Information (Scored)","pass",""
"2015-12-30 17:59:04","os","1.0.0","CIS_SUSE_Linux_Enterprise_Server_11_Benchmark_v1.0.0","SUSE Linux Enterprise Server 11 Benchmark","hw_suse_linux_10-11_benchmark","Level 2 - Enhanced Security","SUSE_Linux_Enterprise_level_2","rul_Record-Events-That-Modify-the-System-Network-Environment_8_1_6","Record Events That Modify the System's Network Environment (Scored)","pass",""
"2015-12-30 17:59:04","os","1.0.0","CIS_SUSE_Linux_Enterprise_Server_11_Benchmark_v1.0.0","SUSE Linux Enterprise Server 11 Benchmark","hw_suse_linux_10-11_benchmark","Level 2 - Enhanced Security","SUSE_Linux_Enterprise_level_2","rul_Record-Events-That-Modify-the-System-Mandatory-Access-Controls_8_1_7","Record Events That Modify the System's Mandatory Access Controls (Scored)","pass",""
"2015-12-30 17:59:04","os","1.0.0","CIS_SUSE_Linux_Enterprise_Server_11_Benchmark_v1.0.0","SUSE Linux Enterprise Server 11 Benchmark","hw_suse_linux_10-11_benchmark","Level 2 - Enhanced Security","SUSE_Linux_Enterprise_level_2","rul_Collect-Login-and-Logout-Events_8_1_8","Collect Login and Logout Events (Scored)","pass",""
"2015-12-30 17:59:04","os","1.0.0","CIS_SUSE_Linux_Enterprise_Server_11_Benchmark_v1.0.0","SUSE Linux Enterprise Server 11 Benchmark","hw_suse_linux_10-11_benchmark","Level 2 - Enhanced Security","SUSE_Linux_Enterprise_level_2","rul_Collect-Session-Initiation-Information_8_1_9","Collect Session Initiation Information (Scored)","pass",""
"2015-12-30 17:59:04","os","1.0.0","CIS_SUSE_Linux_Enterprise_Server_11_Benchmark_v1.0.0","SUSE Linux Enterprise Server 11 Benchmark","hw_suse_linux_10-11_benchmark","Level 2 - Enhanced Security","SUSE_Linux_Enterprise_level_2","rul_Collect-Discretionary-Access-Control-Permission-Modification-Events_8_1_10","Collect Discretionary Access Control Permission Modification Events (Scored)","pass",""
"2015-12-30 17:59:04","os","1.0.0","CIS_SUSE_Linux_Enterprise_Server_11_Benchmark_v1.0.0","SUSE Linux Enterprise Server 11 Benchmark","hw_suse_linux_10-11_benchmark","Level 2 - Enhanced Security","SUSE_Linux_Enterprise_level_2","rul_Collect-Unsuccessful-Unauthorized-Access-Attempts-to-Files_8_1_11","Collect Unsuccessful Unauthorized Access Attempts to Files (Scored)","pass",""
"2015-12-30 17:59:04","os","1.0.0","CIS_SUSE_Linux_Enterprise_Server_11_Benchmark_v1.0.0","SUSE Linux Enterprise Server 11 Benchmark","hw_suse_linux_10-11_benchmark","Level 2 - Enhanced Security","SUSE_Linux_Enterprise_level_2","rul_Collect-Use-of-Privileged-Commands_8_1_12","Collect Use of Privileged Commands (Scored)","fail",""
"2015-12-30 17:59:04","os","1.0.0","CIS_SUSE_Linux_Enterprise_Server_11_Benchmark_v1.0.0","SUSE Linux Enterprise Server 11 Benchmark","hw_suse_linux_10-11_benchmark","Level 2 - Enhanced Security","SUSE_Linux_Enterprise_level_2","rul_Collect-Successful-File-System-Mounts_8_1_13","Collect Successful File System Mounts (Scored)","pass",""
"2015-12-30 17:59:04","os","1.0.0","CIS_SUSE_Linux_Enterprise_Server_11_Benchmark_v1.0.0","SUSE Linux Enterprise Server 11 Benchmark","hw_suse_linux_10-11_benchmark","Level 2 - Enhanced Security","SUSE_Linux_Enterprise_level_2","rul_Collect-File-Deletion-Events-by-User_8_1_14","Collect File Deletion Events by User (Scored)","pass",""
"2015-12-30 17:59:04","os","1.0.0","CIS_SUSE_Linux_Enterprise_Server_11_Benchmark_v1.0.0","SUSE Linux Enterprise Server 11 Benchmark","hw_suse_linux_10-11_benchmark","Level 2 - Enhanced Security","SUSE_Linux_Enterprise_level_2","rul_Collect-Changes-to-System-Administration-Scope-sudoers_8_1_15","Collect Changes to System Administration Scope (sudoers) (Scored)","pass",""
"2015-12-30 17:59:04","os","1.0.0","CIS_SUSE_Linux_Enterprise_Server_11_Benchmark_v1.0.0","SUSE Linux Enterprise Server 11 Benchmark","hw_suse_linux_10-11_benchmark","Level 2 - Enhanced Security","SUSE_Linux_Enterprise_level_2","rul_Collect-System-Administrator-Actions-sudolog_8_1_16","Collect System Administrator Actions (sudolog) (Scored)","pass",""
"2015-12-30 17:59:04","os","1.0.0","CIS_SUSE_Linux_Enterprise_Server_11_Benchmark_v1.0.0","SUSE Linux Enterprise Server 11 Benchmark","hw_suse_linux_10-11_benchmark","Level 2 - Enhanced Security","SUSE_Linux_Enterprise_level_2","rul_Collect-Kernel-Module-Loading-and-Unloading_8_1_17","Collect Kernel Module Loading and Unloading (Scored)","pass",""
"2015-12-30 17:59:04","os","1.0.0","CIS_SUSE_Linux_Enterprise_Server_11_Benchmark_v1.0.0","SUSE Linux Enterprise Server 11 Benchmark","hw_suse_linux_10-11_benchmark","Level 2 - Enhanced Security","SUSE_Linux_Enterprise_level_2","rul_Make-the-Audit-Configuration-Immutable_8_1_18","Make the Audit Configuration Immutable (Scored)","pass",""
"2015-12-30 17:59:04","os","1.0.0","CIS_SUSE_Linux_Enterprise_Server_11_Benchmark_v1.0.0","SUSE Linux Enterprise Server 11 Benchmark","hw_suse_linux_10-11_benchmark","Level 2 - Enhanced Security","SUSE_Linux_Enterprise_level_2","rul_Install-the-rsyslog-package_8_2_1","Install the rsyslog package (Scored)","fail",""
"2015-12-30 17:59:04","os","1.0.0","CIS_SUSE_Linux_Enterprise_Server_11_Benchmark_v1.0.0","SUSE Linux Enterprise Server 11 Benchmark","hw_suse_linux_10-11_benchmark","Level 2 - Enhanced Security","SUSE_Linux_Enterprise_level_2","rul_Ensure-the-rsyslog-Service-is-activated_8_2_2","Ensure the rsyslog Service is activated (Scored)","pass",""
"2015-12-30 17:59:04","os","1.0.0","CIS_SUSE_Linux_Enterprise_Server_11_Benchmark_v1.0.0","SUSE Linux Enterprise Server 11 Benchmark","hw_suse_linux_10-11_benchmark","Level 2 - Enhanced Security","SUSE_Linux_Enterprise_level_2","rul_Configure-etc-rsyslog.conf_8_2_3","Configure /etc/rsyslog.conf (Not Scored)","pass",""
"2015-12-30 17:59:04","os","1.0.0","CIS_SUSE_Linux_Enterprise_Server_11_Benchmark_v1.0.0","SUSE Linux Enterprise Server 11 Benchmark","hw_suse_linux_10-11_benchmark","Level 2 - Enhanced Security","SUSE_Linux_Enterprise_level_2","rul_Create-and-Set-Permissions-on-rsyslog-Log-Files_8_2_4","Create and Set Permissions on rsyslog Log Files (Scored)","Manual",""
"2015-12-30 17:59:04","os","1.0.0","CIS_SUSE_Linux_Enterprise_Server_11_Benchmark_v1.0.0","SUSE Linux Enterprise Server 11 Benchmark","hw_suse_linux_10-11_benchmark","Level 2 - Enhanced Security","SUSE_Linux_Enterprise_level_2","rul_Configure-rsyslog-to-Send-Logs-to-a-Remote-Log-Host_8_2_5","Configure rsyslog to Send Logs to a Remote Log Host (Scored)","pass",""
"2015-12-30 17:59:04","os","1.0.0","CIS_SUSE_Linux_Enterprise_Server_11_Benchmark_v1.0.0","SUSE Linux Enterprise Server 11 Benchmark","hw_suse_linux_10-11_benchmark","Level 2 - Enhanced Security","SUSE_Linux_Enterprise_level_2","rul_Accept-Remote-rsyslog-Messages-Only-on-Designated-Log-Hosts_8_2_6","Accept Remote rsyslog Messages Only on Designated Log Hosts (Not Scored)","pass",""
"2015-12-30 17:59:04","os","1.0.0","CIS_SUSE_Linux_Enterprise_Server_11_Benchmark_v1.0.0","SUSE Linux Enterprise Server 11 Benchmark","hw_suse_linux_10-11_benchmark","Level 2 - Enhanced Security","SUSE_Linux_Enterprise_level_2","rul_Install-AIDE_8_3_1","Install AIDE (Scored)","fail",""
"2015-12-30 17:59:04","os","1.0.0","CIS_SUSE_Linux_Enterprise_Server_11_Benchmark_v1.0.0","SUSE Linux Enterprise Server 11 Benchmark","hw_suse_linux_10-11_benchmark","Level 2 - Enhanced Security","SUSE_Linux_Enterprise_level_2","rul_Implement-Periodic-Execution-of-File-Integrity_8_3_2","Implement Periodic Execution of File Integrity (Scored)","fail",""
"2015-12-30 17:59:04","os","1.0.0","CIS_SUSE_Linux_Enterprise_Server_11_Benchmark_v1.0.0","SUSE Linux Enterprise Server 11 Benchmark","hw_suse_linux_10-11_benchmark","Level 2 - Enhanced Security","SUSE_Linux_Enterprise_level_2","rul_Configure-logrotate_8_4","Configure logrotate (Not Scored)","pass",""
"2015-12-30 17:59:04","os","1.0.0","CIS_SUSE_Linux_Enterprise_Server_11_Benchmark_v1.0.0","SUSE Linux Enterprise Server 11 Benchmark","hw_suse_linux_10-11_benchmark","Level 2 - Enhanced Security","SUSE_Linux_Enterprise_level_2","rul_Enable-cron-Daemon_9_1_1","Enable cron Daemon (Scored)","pass",""
"2015-12-30 17:59:04","os","1.0.0","CIS_SUSE_Linux_Enterprise_Server_11_Benchmark_v1.0.0","SUSE Linux Enterprise Server 11 Benchmark","hw_suse_linux_10-11_benchmark","Level 2 - Enhanced Security","SUSE_Linux_Enterprise_level_2","rul_Set-User-Group-Owner-and-Permission-on-etc-crontab_9_1_2","Set User/Group Owner and Permission on /etc/crontab (Scored)","pass",""
"2015-12-30 17:59:04","os","1.0.0","CIS_SUSE_Linux_Enterprise_Server_11_Benchmark_v1.0.0","SUSE Linux Enterprise Server 11 Benchmark","hw_suse_linux_10-11_benchmark","Level 2 - Enhanced Security","SUSE_Linux_Enterprise_level_2","rul_Set-User-Group-Owner-and-Permission-on-etc-cron.hourly_9_1_3","Set User/Group Owner and Permission on /etc/cron.hourly","pass",""
"2015-12-30 17:59:04","os","1.0.0","CIS_SUSE_Linux_Enterprise_Server_11_Benchmark_v1.0.0","SUSE Linux Enterprise Server 11 Benchmark","hw_suse_linux_10-11_benchmark","Level 2 - Enhanced Security","SUSE_Linux_Enterprise_level_2","rul_Set-User-Group-Owner-and-Permission-on-etc-cron.daily_9_1_4","Set User/Group Owner and Permission on /etc/cron.daily (Scored)","pass",""
"2015-12-30 17:59:04","os","1.0.0","CIS_SUSE_Linux_Enterprise_Server_11_Benchmark_v1.0.0","SUSE Linux Enterprise Server 11 Benchmark","hw_suse_linux_10-11_benchmark","Level 2 - Enhanced Security","SUSE_Linux_Enterprise_level_2","rul_Set-User-Group-Owner-and-Permission-on-etc-cron.weekly_9_1_5","Set User/Group Owner and Permission on /etc/cron.weekly (Scored)","pass",""
"2015-12-30 17:59:04","os","1.0.0","CIS_SUSE_Linux_Enterprise_Server_11_Benchmark_v1.0.0","SUSE Linux Enterprise Server 11 Benchmark","hw_suse_linux_10-11_benchmark","Level 2 - Enhanced Security","SUSE_Linux_Enterprise_level_2","rul_Set-User-Group-Owner-and-Permission-on-etc-cron.monthly_9_1_6","Set User/Group Owner and Permission on /etc/cron.monthly (Scored)","pass",""
"2015-12-30 17:59:04","os","1.0.0","CIS_SUSE_Linux_Enterprise_Server_11_Benchmark_v1.0.0","SUSE Linux Enterprise Server 11 Benchmark","hw_suse_linux_10-11_benchmark","Level 2 - Enhanced Security","SUSE_Linux_Enterprise_level_2","rul_Set-User-Group-Owner-and-Permission-on-etc-cron.d_9_1_7","Set User/Group Owner and Permission on /etc/cron.d (Scored)","pass",""
"2015-12-30 17:59:04","os","1.0.0","CIS_SUSE_Linux_Enterprise_Server_11_Benchmark_v1.0.0","SUSE Linux Enterprise Server 11 Benchmark","hw_suse_linux_10-11_benchmark","Level 2 - Enhanced Security","SUSE_Linux_Enterprise_level_2","rul_Restrict-at-cron-to-Authorized-Users_9_1_8","Restrict at/cron to Authorized Users (Scored)","pass",""
"2015-12-30 17:59:04","os","1.0.0","CIS_SUSE_Linux_Enterprise_Server_11_Benchmark_v1.0.0","SUSE Linux Enterprise Server 11 Benchmark","hw_suse_linux_10-11_benchmark","Level 2 - Enhanced Security","SUSE_Linux_Enterprise_level_2","rul_Set-SSH-Protocol-to-2_9_2_1","Set SSH Protocol to 2 (Scored)","pass",""
"2015-12-30 17:59:04","os","1.0.0","CIS_SUSE_Linux_Enterprise_Server_11_Benchmark_v1.0.0","SUSE Linux Enterprise Server 11 Benchmark","hw_suse_linux_10-11_benchmark","Level 2 - Enhanced Security","SUSE_Linux_Enterprise_level_2","rul_Set-LogLevel-to-INFO_9_2_2","Set LogLevel to INFO (Scored)","pass",""
"2015-12-30 17:59:04","os","1.0.0","CIS_SUSE_Linux_Enterprise_Server_11_Benchmark_v1.0.0","SUSE Linux Enterprise Server 11 Benchmark","hw_suse_linux_10-11_benchmark","Level 2 - Enhanced Security","SUSE_Linux_Enterprise_level_2","rul_Set-Permissions-on-etc-ssh-sshd_config_9_2_3","Set Permissions on /etc/ssh/sshd_config (Scored)","pass",""
"2015-12-30 17:59:04","os","1.0.0","CIS_SUSE_Linux_Enterprise_Server_11_Benchmark_v1.0.0","SUSE Linux Enterprise Server 11 Benchmark","hw_suse_linux_10-11_benchmark","Level 2 - Enhanced Security","SUSE_Linux_Enterprise_level_2","rul_Disable-SSH-X11-Forwarding_9_2_4","Disable SSH X11 Forwarding (Scored)","pass",""
"2015-12-30 17:59:04","os","1.0.0","CIS_SUSE_Linux_Enterprise_Server_11_Benchmark_v1.0.0","SUSE Linux Enterprise Server 11 Benchmark","hw_suse_linux_10-11_benchmark","Level 2 - Enhanced Security","SUSE_Linux_Enterprise_level_2","rul_Set-SSH-MaxAuthTries-to-4-or-Less_9_2_5","Set SSH MaxAuthTries to 4 or Less (Scored)","pass",""
"2015-12-30 17:59:04","os","1.0.0","CIS_SUSE_Linux_Enterprise_Server_11_Benchmark_v1.0.0","SUSE Linux Enterprise Server 11 Benchmark","hw_suse_linux_10-11_benchmark","Level 2 - Enhanced Security","SUSE_Linux_Enterprise_level_2","rul_Set-SSH-IgnoreRhosts-to-Yes_9_2_6","Set SSH IgnoreRhosts to Yes (Scored)","pass",""
"2015-12-30 17:59:04","os","1.0.0","CIS_SUSE_Linux_Enterprise_Server_11_Benchmark_v1.0.0","SUSE Linux Enterprise Server 11 Benchmark","hw_suse_linux_10-11_benchmark","Level 2 - Enhanced Security","SUSE_Linux_Enterprise_level_2","rul_Set-SSH-HostbasedAuthentication-to-No_9_2_7","Set SSH HostbasedAuthentication to No (Scored)","pass",""
"2015-12-30 17:59:04","os","1.0.0","CIS_SUSE_Linux_Enterprise_Server_11_Benchmark_v1.0.0","SUSE Linux Enterprise Server 11 Benchmark","hw_suse_linux_10-11_benchmark","Level 2 - Enhanced Security","SUSE_Linux_Enterprise_level_2","rul_Disable-SSH-Root-Login_9_2_8","Disable SSH Root Login (Scored)","pass",""
"2015-12-30 17:59:04","os","1.0.0","CIS_SUSE_Linux_Enterprise_Server_11_Benchmark_v1.0.0","SUSE Linux Enterprise Server 11 Benchmark","hw_suse_linux_10-11_benchmark","Level 2 - Enhanced Security","SUSE_Linux_Enterprise_level_2","rul_Set-SSH-PermitEmptyPasswords-to-No_9_2_9","Set SSH PermitEmptyPasswords to No (Scored)","pass",""
"2015-12-30 17:59:04","os","1.0.0","CIS_SUSE_Linux_Enterprise_Server_11_Benchmark_v1.0.0","SUSE Linux Enterprise Server 11 Benchmark","hw_suse_linux_10-11_benchmark","Level 2 - Enhanced Security","SUSE_Linux_Enterprise_level_2","rul_Do-Not-Allow-Users-to-Set-Environment-Options_9_2_10","Do Not Allow Users to Set Environment Options (Scored)","pass",""
"2015-12-30 17:59:04","os","1.0.0","CIS_SUSE_Linux_Enterprise_Server_11_Benchmark_v1.0.0","SUSE Linux Enterprise Server 11 Benchmark","hw_suse_linux_10-11_benchmark","Level 2 - Enhanced Security","SUSE_Linux_Enterprise_level_2","rul_Use-Only-Approved-Cipher-in-Counter-Mode_9_2_11","Use Only Approved Cipher in Counter Mode (Scored)","pass",""
"2015-12-30 17:59:04","os","1.0.0","CIS_SUSE_Linux_Enterprise_Server_11_Benchmark_v1.0.0","SUSE Linux Enterprise Server 11 Benchmark","hw_suse_linux_10-11_benchmark","Level 2 - Enhanced Security","SUSE_Linux_Enterprise_level_2","rul_Set-Idle-Timeout-Interval-for-User-Login_9_2_12","Set Idle Timeout Interval for User Login (Scored)","pass",""
"2015-12-30 17:59:04","os","1.0.0","CIS_SUSE_Linux_Enterprise_Server_11_Benchmark_v1.0.0","SUSE Linux Enterprise Server 11 Benchmark","hw_suse_linux_10-11_benchmark","Level 2 - Enhanced Security","SUSE_Linux_Enterprise_level_2","rul_Limit-Access-via-SSH_9_2_13","Limit Access via SSH (Scored)","Manual",""
"2015-12-30 17:59:04","os","1.0.0","CIS_SUSE_Linux_Enterprise_Server_11_Benchmark_v1.0.0","SUSE Linux Enterprise Server 11 Benchmark","hw_suse_linux_10-11_benchmark","Level 2 - Enhanced Security","SUSE_Linux_Enterprise_level_2","rul_Set-SSH-Banner_9_2_14","Set SSH Banner (Scored)","pass",""
"2015-12-30 17:59:04","os","1.0.0","CIS_SUSE_Linux_Enterprise_Server_11_Benchmark_v1.0.0","SUSE Linux Enterprise Server 11 Benchmark","hw_suse_linux_10-11_benchmark","Level 2 - Enhanced Security","SUSE_Linux_Enterprise_level_2","rul_Set-Password-Creation-Requirement-Parameters-Using-pam_cracklib_9_3_1","Set Password Creation Requirement Parameters Using pam_cracklib (Scored)","fail",""
"2015-12-30 17:59:04","os","1.0.0","CIS_SUSE_Linux_Enterprise_Server_11_Benchmark_v1.0.0","SUSE Linux Enterprise Server 11 Benchmark","hw_suse_linux_10-11_benchmark","Level 2 - Enhanced Security","SUSE_Linux_Enterprise_level_2","rul_Set-Lockout-for-Failed-Password-Attempts_9_3_2","Set Lockout for Failed Password Attempts (Not Scored)","fail",""
"2015-12-30 17:59:04","os","1.0.0","CIS_SUSE_Linux_Enterprise_Server_11_Benchmark_v1.0.0","SUSE Linux Enterprise Server 11 Benchmark","hw_suse_linux_10-11_benchmark","Level 2 - Enhanced Security","SUSE_Linux_Enterprise_level_2","rul_Limit-Password-Reuse_9_3_3","Limit Password Reuse (Scored)","pass",""
"2015-12-30 17:59:04","os","1.0.0","CIS_SUSE_Linux_Enterprise_Server_11_Benchmark_v1.0.0","SUSE Linux Enterprise Server 11 Benchmark","hw_suse_linux_10-11_benchmark","Level 2 - Enhanced Security","SUSE_Linux_Enterprise_level_2","rul_Restrict-root-Login-to-System-Console_9_4","Restrict root Login to System Console (Not Scored)","Manual",""
"2015-12-30 17:59:04","os","1.0.0","CIS_SUSE_Linux_Enterprise_Server_11_Benchmark_v1.0.0","SUSE Linux Enterprise Server 11 Benchmark","hw_suse_linux_10-11_benchmark","Level 2 - Enhanced Security","SUSE_Linux_Enterprise_level_2","rul_Restrict-Access-to-the-su-Command_9_5","Restrict Access to the su Command (Scored)","pass",""
"2015-12-30 17:59:04","os","1.0.0","CIS_SUSE_Linux_Enterprise_Server_11_Benchmark_v1.0.0","SUSE Linux Enterprise Server 11 Benchmark","hw_suse_linux_10-11_benchmark","Level 2 - Enhanced Security","SUSE_Linux_Enterprise_level_2","rul_Set-Password-Expiration-Days_10_1_1","Set Password Expiration Days (Scored)","pass",""
"2015-12-30 17:59:04","os","1.0.0","CIS_SUSE_Linux_Enterprise_Server_11_Benchmark_v1.0.0","SUSE Linux Enterprise Server 11 Benchmark","hw_suse_linux_10-11_benchmark","Level 2 - Enhanced Security","SUSE_Linux_Enterprise_level_2","rul_Set-Password-Change-Minimum-Number-of-Days_10_1_2","Set Password Change Minimum Number of Days (Scored)","pass",""
"2015-12-30 17:59:04","os","1.0.0","CIS_SUSE_Linux_Enterprise_Server_11_Benchmark_v1.0.0","SUSE Linux Enterprise Server 11 Benchmark","hw_suse_linux_10-11_benchmark","Level 2 - Enhanced Security","SUSE_Linux_Enterprise_level_2","rul_Set-Password-Expiring-Warning-Days_10_1_3","Set Password Expiring Warning Days (Scored)","pass",""
"2015-12-30 17:59:04","os","1.0.0","CIS_SUSE_Linux_Enterprise_Server_11_Benchmark_v1.0.0","SUSE Linux Enterprise Server 11 Benchmark","hw_suse_linux_10-11_benchmark","Level 2 - Enhanced Security","SUSE_Linux_Enterprise_level_2","rul_Disable-System-Accounts_10_2","Disable System Accounts (Scored)","pass",""
"2015-12-30 17:59:04","os","1.0.0","CIS_SUSE_Linux_Enterprise_Server_11_Benchmark_v1.0.0","SUSE Linux Enterprise Server 11 Benchmark","hw_suse_linux_10-11_benchmark","Level 2 - Enhanced Security","SUSE_Linux_Enterprise_level_2","rul_Set-Default-Group-for-root-Account_10_3","Set Default Group for root Account (Scored)","pass",""
"2015-12-30 17:59:04","os","1.0.0","CIS_SUSE_Linux_Enterprise_Server_11_Benchmark_v1.0.0","SUSE Linux Enterprise Server 11 Benchmark","hw_suse_linux_10-11_benchmark","Level 2 - Enhanced Security","SUSE_Linux_Enterprise_level_2","rul_Set-Default-umask-for-Users_10_4","Set Default umask for Users (Scored)","pass",""
"2015-12-30 17:59:04","os","1.0.0","CIS_SUSE_Linux_Enterprise_Server_11_Benchmark_v1.0.0","SUSE Linux Enterprise Server 11 Benchmark","hw_suse_linux_10-11_benchmark","Level 2 - Enhanced Security","SUSE_Linux_Enterprise_level_2","rul_Lock-Inactive-User-Accounts_10_5","Lock Inactive User Accounts (Scored)","pass",""
"2015-12-30 17:59:04","os","1.0.0","CIS_SUSE_Linux_Enterprise_Server_11_Benchmark_v1.0.0","SUSE Linux Enterprise Server 11 Benchmark","hw_suse_linux_10-11_benchmark","Level 2 - Enhanced Security","SUSE_Linux_Enterprise_level_2","rul_Set-Warning-Banner-for-Standard-Login-Services_11_1","Set Warning Banner for Standard Login Services (Scored)","pass",""
"2015-12-30 17:59:04","os","1.0.0","CIS_SUSE_Linux_Enterprise_Server_11_Benchmark_v1.0.0","SUSE Linux Enterprise Server 11 Benchmark","hw_suse_linux_10-11_benchmark","Level 2 - Enhanced Security","SUSE_Linux_Enterprise_level_2","rul_Remove-OS-Information-from-Login-Warning-Banners_11_2","Remove OS Information from Login Warning Banners (Scored)","pass",""
"2015-12-30 17:59:04","os","1.0.0","CIS_SUSE_Linux_Enterprise_Server_11_Benchmark_v1.0.0","SUSE Linux Enterprise Server 11 Benchmark","hw_suse_linux_10-11_benchmark","Level 2 - Enhanced Security","SUSE_Linux_Enterprise_level_2","rul_Set-Graphical-Warning-Banner_11_3","Set Graphical Warning Banner (Not Scored)","pass",""
"2015-12-30 17:59:04","os","1.0.0","CIS_SUSE_Linux_Enterprise_Server_11_Benchmark_v1.0.0","SUSE Linux Enterprise Server 11 Benchmark","hw_suse_linux_10-11_benchmark","Level 2 - Enhanced Security","SUSE_Linux_Enterprise_level_2","rul_Verify-System-File-Permissions_12_1","Verify System File Permissions (Not Scored)","fail",""
"2015-12-30 17:59:04","os","1.0.0","CIS_SUSE_Linux_Enterprise_Server_11_Benchmark_v1.0.0","SUSE Linux Enterprise Server 11 Benchmark","hw_suse_linux_10-11_benchmark","Level 2 - Enhanced Security","SUSE_Linux_Enterprise_level_2","rul_Verify-Permissions-on-etc-passwd_12_2","Verify Permissions on /etc/passwd (Scored)","pass",""
"2015-12-30 17:59:04","os","1.0.0","CIS_SUSE_Linux_Enterprise_Server_11_Benchmark_v1.0.0","SUSE Linux Enterprise Server 11 Benchmark","hw_suse_linux_10-11_benchmark","Level 2 - Enhanced Security","SUSE_Linux_Enterprise_level_2","rul_Verify-Permissions-on-etc-shadow_12_3","Verify Permissions on /etc/shadow (Scored)","pass",""
"2015-12-30 17:59:04","os","1.0.0","CIS_SUSE_Linux_Enterprise_Server_11_Benchmark_v1.0.0","SUSE Linux Enterprise Server 11 Benchmark","hw_suse_linux_10-11_benchmark","Level 2 - Enhanced Security","SUSE_Linux_Enterprise_level_2","rul_Verify-Permissions-on-etc-group_12_4","Verify Permissions on /etc/group (Scored)","pass",""
"2015-12-30 17:59:04","os","1.0.0","CIS_SUSE_Linux_Enterprise_Server_11_Benchmark_v1.0.0","SUSE Linux Enterprise Server 11 Benchmark","hw_suse_linux_10-11_benchmark","Level 2 - Enhanced Security","SUSE_Linux_Enterprise_level_2","rul_Verify-User-Group-Ownership-on-etc-passwd_12_5","Verify User/Group Ownership on /etc/passwd (Scored)","pass",""
"2015-12-30 17:59:04","os","1.0.0","CIS_SUSE_Linux_Enterprise_Server_11_Benchmark_v1.0.0","SUSE Linux Enterprise Server 11 Benchmark","hw_suse_linux_10-11_benchmark","Level 2 - Enhanced Security","SUSE_Linux_Enterprise_level_2","rul_Verify-User-Group-Ownership-on-etc-shadow_12_6","Verify User/Group Ownership on /etc/shadow (Scored)","pass",""
"2015-12-30 17:59:04","os","1.0.0","CIS_SUSE_Linux_Enterprise_Server_11_Benchmark_v1.0.0","SUSE Linux Enterprise Server 11 Benchmark","hw_suse_linux_10-11_benchmark","Level 2 - Enhanced Security","SUSE_Linux_Enterprise_level_2","rul_Verify-User-Group-Ownership-on-etc-group_12_7","Verify User/Group Ownership on /etc/group (Scored)","pass",""
"2015-12-30 17:59:04","os","1.0.0","CIS_SUSE_Linux_Enterprise_Server_11_Benchmark_v1.0.0","SUSE Linux Enterprise Server 11 Benchmark","hw_suse_linux_10-11_benchmark","Level 2 - Enhanced Security","SUSE_Linux_Enterprise_level_2","rul_Find-World-Writable-Files_12_8","Find World Writable Files (Not Scored)","pass",""
"2015-12-30 17:59:04","os","1.0.0","CIS_SUSE_Linux_Enterprise_Server_11_Benchmark_v1.0.0","SUSE Linux Enterprise Server 11 Benchmark","hw_suse_linux_10-11_benchmark","Level 2 - Enhanced Security","SUSE_Linux_Enterprise_level_2","rul_Find-Un-owned-Files-and-Directories_12_9","Find Un-owned Files and Directories (Scored)","pass",""
"2015-12-30 17:59:04","os","1.0.0","CIS_SUSE_Linux_Enterprise_Server_11_Benchmark_v1.0.0","SUSE Linux Enterprise Server 11 Benchmark","hw_suse_linux_10-11_benchmark","Level 2 - Enhanced Security","SUSE_Linux_Enterprise_level_2","rul_Find-Un-grouped-Files-and-Directories_12_10","Find Un-grouped Files and Directories (Scored)","pass",""
"2015-12-30 17:59:04","os","1.0.0","CIS_SUSE_Linux_Enterprise_Server_11_Benchmark_v1.0.0","SUSE Linux Enterprise Server 11 Benchmark","hw_suse_linux_10-11_benchmark","Level 2 - Enhanced Security","SUSE_Linux_Enterprise_level_2","rul_Find-SUID-System-Executables_12_11","Find SUID System Executables (Not Scored)","fail",""
"2015-12-30 17:59:04","os","1.0.0","CIS_SUSE_Linux_Enterprise_Server_11_Benchmark_v1.0.0","SUSE Linux Enterprise Server 11 Benchmark","hw_suse_linux_10-11_benchmark","Level 2 - Enhanced Security","SUSE_Linux_Enterprise_level_2","rul_Find-SGID-System-Executables_12_12","Find SGID System Executables (Not Scored)","fail",""
"2015-12-30 17:59:04","os","1.0.0","CIS_SUSE_Linux_Enterprise_Server_11_Benchmark_v1.0.0","SUSE Linux Enterprise Server 11 Benchmark","hw_suse_linux_10-11_benchmark","Level 2 - Enhanced Security","SUSE_Linux_Enterprise_level_2","rul_Ensure-Password-Fields-are-Not-Empty_13_1","Ensure Password Fields are Not Empty (Scored)","pass",""
"2015-12-30 17:59:04","os","1.0.0","CIS_SUSE_Linux_Enterprise_Server_11_Benchmark_v1.0.0","SUSE Linux Enterprise Server 11 Benchmark","hw_suse_linux_10-11_benchmark","Level 2 - Enhanced Security","SUSE_Linux_Enterprise_level_2","rul_Verify-No-Legacy-Entries-Exist-in-etc-passwd-File_13_2","Verify No Legacy + Entries Exist in /etc/passwd File (Scored)","pass",""
"2015-12-30 17:59:04","os","1.0.0","CIS_SUSE_Linux_Enterprise_Server_11_Benchmark_v1.0.0","SUSE Linux Enterprise Server 11 Benchmark","hw_suse_linux_10-11_benchmark","Level 2 - Enhanced Security","SUSE_Linux_Enterprise_level_2","rul_Verify-No-Legacy-Entries-Exist-in-etc-shadow-File_13_3","Verify No Legacy "+" Entries Exist in /etc/shadow File (Scored)","pass",""
"2015-12-30 17:59:04","os","1.0.0","CIS_SUSE_Linux_Enterprise_Server_11_Benchmark_v1.0.0","SUSE Linux Enterprise Server 11 Benchmark","hw_suse_linux_10-11_benchmark","Level 2 - Enhanced Security","SUSE_Linux_Enterprise_level_2","rul_Verify-No-Legacy-Entries-Exist-in-etc-group-File_13_4","Verify No Legacy "+" Entries Exist in /etc/group File (Scored)","pass",""
"2015-12-30 17:59:04","os","1.0.0","CIS_SUSE_Linux_Enterprise_Server_11_Benchmark_v1.0.0","SUSE Linux Enterprise Server 11 Benchmark","hw_suse_linux_10-11_benchmark","Level 2 - Enhanced Security","SUSE_Linux_Enterprise_level_2","rul_Verify-No-UID-0-Accounts-Exist-Other-Than-root_13_5","Verify No UID 0 Accounts Exist Other Than root (Scored)","pass",""
"2015-12-30 17:59:04","os","1.0.0","CIS_SUSE_Linux_Enterprise_Server_11_Benchmark_v1.0.0","SUSE Linux Enterprise Server 11 Benchmark","hw_suse_linux_10-11_benchmark","Level 2 - Enhanced Security","SUSE_Linux_Enterprise_level_2","rul_Ensure-root-PATH-Integrity_13_6","Ensure root PATH Integrity (Scored)","fail",""
"2015-12-30 17:59:04","os","1.0.0","CIS_SUSE_Linux_Enterprise_Server_11_Benchmark_v1.0.0","SUSE Linux Enterprise Server 11 Benchmark","hw_suse_linux_10-11_benchmark","Level 2 - Enhanced Security","SUSE_Linux_Enterprise_level_2","rul_Check-Permissions-on-User-Home-Directories_13_7","Check Permissions on User Home Directories (Scored)","fail",""
"2015-12-30 17:59:04","os","1.0.0","CIS_SUSE_Linux_Enterprise_Server_11_Benchmark_v1.0.0","SUSE Linux Enterprise Server 11 Benchmark","hw_suse_linux_10-11_benchmark","Level 2 - Enhanced Security","SUSE_Linux_Enterprise_level_2","rul_Check-User-Dot-File-Permissions_13_8","Check User Dot File Permissions (Scored)","pass",""
"2015-12-30 17:59:04","os","1.0.0","CIS_SUSE_Linux_Enterprise_Server_11_Benchmark_v1.0.0","SUSE Linux Enterprise Server 11 Benchmark","hw_suse_linux_10-11_benchmark","Level 2 - Enhanced Security","SUSE_Linux_Enterprise_level_2","rul_Check-Permissions-on-User-.netrc-Files_13_9","Check Permissions on User .netrc Files (Scored)","pass",""
"2015-12-30 17:59:04","os","1.0.0","CIS_SUSE_Linux_Enterprise_Server_11_Benchmark_v1.0.0","SUSE Linux Enterprise Server 11 Benchmark","hw_suse_linux_10-11_benchmark","Level 2 - Enhanced Security","SUSE_Linux_Enterprise_level_2","rul_Check-for-Presence-of-User-.rhosts-Files_13_10","Check for Presence of User .rhosts Files (Scored)","pass",""
"2015-12-30 17:59:04","os","1.0.0","CIS_SUSE_Linux_Enterprise_Server_11_Benchmark_v1.0.0","SUSE Linux Enterprise Server 11 Benchmark","hw_suse_linux_10-11_benchmark","Level 2 - Enhanced Security","SUSE_Linux_Enterprise_level_2","rul_Check-Groups-in-etc-passwd_13_11","Check Groups in /etc/passwd (Scored)","pass",""
"2015-12-30 17:59:04","os","1.0.0","CIS_SUSE_Linux_Enterprise_Server_11_Benchmark_v1.0.0","SUSE Linux Enterprise Server 11 Benchmark","hw_suse_linux_10-11_benchmark","Level 2 - Enhanced Security","SUSE_Linux_Enterprise_level_2","rul_Check-That-Users-Are-Assigned-Valid-Home-Directories_13_12","Check That Users Are Assigned Valid Home Directories (Scored)","pass",""
"2015-12-30 17:59:04","os","1.0.0","CIS_SUSE_Linux_Enterprise_Server_11_Benchmark_v1.0.0","SUSE Linux Enterprise Server 11 Benchmark","hw_suse_linux_10-11_benchmark","Level 2 - Enhanced Security","SUSE_Linux_Enterprise_level_2","rul_Check-User-Home-Directory-Ownership_13_13","Check User Home Directory Ownership (Scored)","pass",""
"2015-12-30 17:59:04","os","1.0.0","CIS_SUSE_Linux_Enterprise_Server_11_Benchmark_v1.0.0","SUSE Linux Enterprise Server 11 Benchmark","hw_suse_linux_10-11_benchmark","Level 2 - Enhanced Security","SUSE_Linux_Enterprise_level_2","rul_Check-for-Duplicate-UIDs_13_14","Check for Duplicate UIDs (Scored)","pass",""
"2015-12-30 17:59:04","os","1.0.0","CIS_SUSE_Linux_Enterprise_Server_11_Benchmark_v1.0.0","SUSE Linux Enterprise Server 11 Benchmark","hw_suse_linux_10-11_benchmark","Level 2 - Enhanced Security","SUSE_Linux_Enterprise_level_2","rul_Check-for-Duplicate-GIDs_13_15","Check for Duplicate GIDs (Scored)","pass",""
"2015-12-30 17:59:04","os","1.0.0","CIS_SUSE_Linux_Enterprise_Server_11_Benchmark_v1.0.0","SUSE Linux Enterprise Server 11 Benchmark","hw_suse_linux_10-11_benchmark","Level 2 - Enhanced Security","SUSE_Linux_Enterprise_level_2","rul_Check-for-Duplicate-User-Names_13_16","Check for Duplicate User Names (Scored)","pass",""
"2015-12-30 17:59:04","os","1.0.0","CIS_SUSE_Linux_Enterprise_Server_11_Benchmark_v1.0.0","SUSE Linux Enterprise Server 11 Benchmark","hw_suse_linux_10-11_benchmark","Level 2 - Enhanced Security","SUSE_Linux_Enterprise_level_2","rul_Check-for-Duplicate-Group-Names_13_17","Check for Duplicate Group Names (Scored)","pass",""
"2015-12-30 17:59:04","os","1.0.0","CIS_SUSE_Linux_Enterprise_Server_11_Benchmark_v1.0.0","SUSE Linux Enterprise Server 11 Benchmark","hw_suse_linux_10-11_benchmark","Level 2 - Enhanced Security","SUSE_Linux_Enterprise_level_2","rul_Check-for-Presence-of-User-.netrc-Files_13_18","Check for Presence of User .netrc Files (Scored)","pass",""
"2015-12-30 17:59:04","os","1.0.0","CIS_SUSE_Linux_Enterprise_Server_11_Benchmark_v1.0.0","SUSE Linux Enterprise Server 11 Benchmark","hw_suse_linux_10-11_benchmark","Level 2 - Enhanced Security","SUSE_Linux_Enterprise_level_2","rul_Check-for-Presence-of-User-.forward-Files_13_19","Check for Presence of User .forward Files (Scored)","pass",""
"2015-12-30 17:59:04","os","1.0.0","CIS_SUSE_Linux_Enterprise_Server_11_Benchmark_v1.0.0","SUSE Linux Enterprise Server 11 Benchmark","hw_suse_linux_10-11_benchmark","Level 2 - Enhanced Security","SUSE_Linux_Enterprise_level_2","rul_Ensure-shadow-group-is-empty_13_20","Ensure shadow group is empty (Scored)","pass",""

Total, Pass: 166,Fail: 23,Manual: 6,Not Checked: 0,Not Selected: 0
Actual Pass: 130.0,Maximum Possible: 149.0,Score: 87.25%

SecureCAT Version:V200R001C00B030
